[
  {
    "date": "2026-02-22",
    "weekday": "周日"
  },
  {
    "date": "2026-02-21",
    "weekday": "周六"
  },
  {
    "date": "2026-02-20",
    "weekday": "周五"
  },
  {
    "date": "2026-02-19",
    "weekday": "周四"
  },
  {
    "date": "2026-02-18",
    "weekday": "周三"
  },
  {
    "date": "2026-02-17",
    "weekday": "周二"
  },
  {
    "date": "2026-02-16",
    "weekday": "周一"
  },
  {
    "date": "2026-02-15",
    "weekday": "周日"
  },
  {
    "date": "2026-02-14",
    "weekday": "周六"
  },
  {
    "date": "2026-02-13",
    "weekday": "周五"
  }
]